tankID,205A_origin,Basket,fishID,witroxChannel,respirometryChamber,witroxFileName,controlChamber,Date,mass_g,OBS
32_4,T_5,1,32_4_1,,,,,16/5/18,0.0619,
32_4,T_3,2,32_4_2,,,,,16/5/18,0.0356,
32_4,T_4,3,32_4_3,,,,,16/5/18,0.0595,
32_4,T_7,4,32_4_4,,,,,16/5/18,0.0782,
32_4,T_1,5,32_4_5,,,,,16/5/18,0.0516,
29_4,T_3,1,29_4_1,,,,,16/5/18,0.0433,
29_4,T_3,2,29_4_2,,,,,16/5/18,0.0583,
29_4,T_3,3,29_4_3,,,,,16/5/18,0.0662,
29_4,T_6,4,29_4_4,,,,,16/5/18,0.0634,
29_4,T_4,5,29_4_5,,,,,16/5/18,0.0548,
20_4,T_6,1,20_4_1,,,,,16/5/18,0.0598,
20_4,T_6,2,20_4_2,,,,,16/5/18,0.0666,
20_4,T_2,3,20_4_3,,,,,16/5/18,0.0466,
20_4,T_6,4,20_4_4,,,,,16/5/18,0.0349,
20_4,T_4,5,20_4_5,,,,,16/5/18,0.0701,
26_4,T_4,1,26_4_1,,,,,16/5/18,0.0516,
26_4,T_1,2,26_4_2,,,,,16/5/18,0.0598,
26_4,T_3,3,26_4_3,,,,,16/5/18,0.0449,
26_4,T_4,4,26_4_4,,,,,16/5/18,0.0491,
26_4,T_8,5,26_4_5,,,,,16/5/18,0.0377,
29_1,T_8,1,29_1_1,,,,,16/5/18,0.0883,
29_1,T_6,2,29_1_2,,,,,16/5/18,0.0369,
29_1,T_7,3,29_1_3,,,,,16/5/18,0.065,
29_1,T_4,4,29_1_4,,,,,16/5/18,0.0249,
29_1,T_4,5,29_1_5,,,,,16/5/18,0.0324,
20_1,T_7,1,20_1_1,,,,,16/5/18,0.0216,
20_1,T_8,2,20_1_2,,,,,16/5/18,0.016,
20_1,T_3,3,20_1_3,,,,,17/5/18,0.0443,"Dead on 17/05/2018 (original mass 0.0318), replaced"
20_1,T_7,4,20_1_4,,,,,16/5/18,0.0661,
20_1,T_4,5,20_1_5,,,,,16/5/18,0.0523,
32_1,T_5,1,32_1_1,,,,,16/5/18,0.0422,
32_1,T_1,2,32_1_2,,,,,16/5/18,0.0429,
32_1,T_2,3,32_1_3,,,,,16/5/18,0.0525,
32_1,T_9,4,32_1_4,,,,,16/5/18,0.0402,
32_1,T_4,5,32_1_5,,,,,16/5/18,0.0224,
26_1,T_7,1,26_1_1,,,,,16/5/18,0.0312,
26_1,T_8,2,26_1_2,,,,,16/5/18,0.0629,
26_1,T_9,3,26_1_3,,,,,16/5/18,0.0193,
26_1,T_7,4,26_1_4,,,,,16/5/18,0.0654,
26_1,T_5,5,26_1_5,,,,,16/5/18,0.0517,
32_2,T_3,1,32_2_1,,,,,16/5/18,0.044,
32_2,T_3,2,32_2_2,,,,,16/5/18,0.0725,
32_2,T_1,3,32_2_3,,,,,16/5/18,0.0542,
32_2,T_7,4,32_2_4,,,,,16/5/18,0.0583,
32_2,T_3,5,32_2_5,,,,,16/5/18,0.0723,
29_2,T_2,1,29_2_1,,,,,16/5/18,0.0367,
29_2,T_1,2,29_2_2,,,,,16/5/18,0.0503,
29_2,T_5,3,29_2_3,,,,,16/5/18,0.0164,
29_2,T_1,4,29_2_4,,,,,16/5/18,0.0256,
29_2,T_8,5,29_2_5,,,,,16/5/18,0.035,
26_2,T_4,1,26_2_1,,,,,16/5/18,0.0427,
26_2,T_9,2,26_2_2,,,,,16/5/18,0.0357,
26_2,T_3,3,26_2_3,,,,,16/5/18,0.0278,
26_2,T_5,4,26_2_4,,,,,16/5/18,0.0424,
26_2,T_2,5,26_2_5,,,,,16/5/18,0.0503,
20_2,T_6,1,20_2_1,,,,,16/5/18,0.048,
20_2,T_5,2,20_2_2,,,,,16/5/18,0.0188,
20_2,T_5,3,20_2_3,,,,,16/5/18,0.029,
20_2,T_4,4,20_2_4,,,,,16/5/18,0.0222,
20_2,T_5,5,20_2_5,,,,,16/5/18,0.0453,
32_3,T_1,1,32_3_1,,,,,16/5/18,0.0526,
32_3,T_2,2,32_3_2,,,,,16/5/18,0.0647,
32_3,T_5,3,32_3_3,,,,,16/5/18,0.045,
32_3,T_4,4,32_3_4,,,,,16/5/18,0.0174,
32_3,T_8,5,32_3_5,,,,,16/5/18,0.0488,
26_3,T_7,1,26_3_1,,,,,16/5/18,0.0681,
26_3,T_6,2,26_3_2,,,,,16/5/18,0.0745,
26_3,T_5,3,26_3_3,,,,,16/5/18,0.0366,
26_3,T_1,4,26_3_4,,,,,16/5/18,0.0568,
26_3,T_2,5,26_3_5,,,,,16/5/18,0.0368,
20_3,T_1,1,20_3_1,,,,,16/5/18,0.0419,
20_3,T_5,2,20_3_2,,,,,17/5/18,0.0335,"Dead on 17/05/2018 (original mass 0.0457), replaced"
20_3,T_6,3,20_3_3,,,,,16/5/18,0.031,
20_3,T_5,4,20_3_4,,,,,16/5/18,0.0318,
20_3,T_1,5,20_3_5,,,,,16/5/18,0.0313,
29_3,T_5,1,29_3_1,,,,,16/5/18,0.0612,
29_3,T_4,2,29_3_2,,,,,16/5/18,0.0255,
29_3,T_9,3,29_3_3,,,,,16/5/18,0.0612,
29_3,T_3,4,29_3_4,,,,,16/5/18,0.0529,
29_3,T_2,5,29_3_5,,,,,16/5/18,0.0539,
26_3,,3,26_3_3,1N,1,26_C_new_witrox_1.txt,Control_26_1,23/5/18,0.0684,
26_1,,4,26_1_4,2N,2,26_C_new_witrox_1.txt,Control_26_1,23/5/18,0.0935,
26_4,,5,26_4_5,3N,3,26_C_new_witrox_1.txt,Control_26_1,23/5/18,0.0506,
26_1,,1,26_1_1,4N,4,26_C_new_witrox_1.txt,Control_26_1,23/5/18,0.0547,
26_4,,4,26_4_4,1O,5,26_C_old_witrox_1.txt,Control_26_1,23/5/18,0.0672,
26_4,,1,26_4_1,2O,6,26_C_old_witrox_1.txt,Control_26_1,23/5/18,0.0785,
26_2,,2,26_2_2,3O,7,26_C_old_witrox_1.txt,Control_26_1,23/5/18,0.0697,
Control_26_1,,,Control_26_1,4O,8,26_C_old_witrox_1.txt,Control_26_1,23/5/18,,
26_4,,2,26_4_2,1N,9,26_C_new_witrox_2.txt,Control_26_1,23/5/18,0.0824,
26_2,,4,26_2_4,2N,10,26_C_new_witrox_2.txt,Control_26_1,23/5/18,0.0742,
26_3,,5,26_3_5,3N,11,26_C_new_witrox_2.txt,Control_26_1,23/5/18,0.0746,
26_1,,2,26_1_2,4N,12,26_C_new_witrox_2.txt,Control_26_1,23/5/18,0.0872,
26_2,,3,26_2_3,1O,13,26_C_old_witrox_2.txt,Control_26_1,23/5/18,0.0529,
26_1,,5,26_1_5,2O,14,26_C_old_witrox_2.txt,Control_26_1,23/5/18,0.086,
26_4,,3,26_4_3,3O,15,26_C_old_witrox_2.txt,Control_26_1,23/5/18,0.0714,
32_1,,1,32_1_1,1N,1,32_C_new_witrox_1.txt,Control_32_1,23/5/18,0.0745,
32_1,,3,32_1_3,2N,2,32_C_new_witrox_1.txt,Control_32_1,23/5/18,0.0816,
32_2,,1,32_2_1,3N,3,32_C_new_witrox_1.txt,Control_32_1,23/5/18,0.0715,
32_3,,1,32_3_1,4N,4,32_C_new_witrox_1.txt,Control_32_1,23/5/18,0.086,
32_4,,4,32_4_4,1O,5,32_C_old_witrox_1.txt,Control_32_1,23/5/18,0.1025,
32_2,,4,32_2_4,2O,6,32_C_old_witrox_1.txt,Control_32_1,23/5/18,0.0818,
32_2,,3,32_2_3,3O,7,32_C_old_witrox_1.txt,Control_32_1,23/5/18,0.0827,
Control_32_1,,,Control_32_1,4O,8,32_C_old_witrox_1.txt,Control_32_1,23/5/18,,
26_1,,3,26_1_3,1N,9,26_C_new_witrox_3.txt,Control_26_3,23/5/18,0.0372,
26_2,,5,26_2_5,2N,10,26_C_new_witrox_3.txt,Control_26_3,23/5/18,0.0905,
26_3,,2,26_3_2,3N,11,26_C_new_witrox_3.txt,Control_26_3,23/5/18,0.1232,
26_2,,1,26_2_1,4N,12,26_C_new_witrox_3.txt,Control_26_3,23/5/18,0.0694,
26_3,,4,26_3_4,1O,13,26_C_old_witrox_3.txt,Control_26_3,23/5/18,0.09,
26_3,,1,26_3_1,2O,14,26_C_old_witrox_3.txt,Control_26_3,23/5/18,0.1035,
Control_26_3,,,Control_26_3,3O,8,26_C_old_witrox_3.txt,Control_26_3,23/5/18,,
32_1,,4,32_1_4,1N,1,32_C_new_witrox_2.txt,Control_32_2,24/5/18,0.0706,
32_3,,4,32_3_4,2N,2,32_C_new_witrox_2.txt,Control_32_2,24/5/18,0.0448,
32_4,,1,32_4_1,3N,3,32_C_new_witrox_2.txt,Control_32_2,24/5/18,0.0885,
32_4,,3,32_4_3,4N,4,32_C_new_witrox_2.txt,Control_32_2,24/5/18,0.1015,
32_4,,2,32_4_2,1O,5,32_C_old_witrox_2.txt,Control_32_2,24/5/18,0.0659,
32_3,,5,32_3_5,2O,6,32_C_old_witrox_2.txt,Control_32_2,24/5/18,0.076,
32_1,,5,32_1_5,3O,7,32_C_old_witrox_2.txt,Control_32_2,24/5/18,0.0898,
Control_32_2,,,Control_32_2,4O,8,32_C_old_witrox_2.txt,Control_32_2,24/5/18,,
32_4,,5,32_4_5,1N,9,32_C_new_witrox_3.txt,Control_32_2,24/5/18,0.0843,
32_1,,2,32_1_2,2N,10,32_C_new_witrox_3.txt,Control_32_2,24/5/18,0.0775,
32_2,,2,32_2_2,3N,11,32_C_new_witrox_3.txt,Control_32_2,24/5/18,0.118,
32_3,,2,32_3_2,4N,12,32_C_new_witrox_3.txt,Control_32_2,24/5/18,,Dead on 24/05/2018 - hypoxia
32_3,,3,32_3_3,1O,13,32_C_old_witrox_3.txt,Control_32_2,24/5/18,0.0809,
29_1,,1,29_1_1,1N,1,29_C_new_witrox_1.txt,Control_29_1,24/5/18,0.1427,
29_1,,2,29_1_2,2N,2,29_C_new_witrox_1.txt,Control_29_1,24/5/18,0.0684,
29_1,,3,29_1_3,3N,3,29_C_new_witrox_1.txt,Control_29_1,24/5/18,0.1042,
29_1,,4,29_1_4,4N,4,29_C_new_witrox_1.txt,Control_29_1,24/5/18,0.0613,
29_1,,5,29_1_5,1O,5,29_C_old_witrox_1.txt,Control_29_1,24/5/18,0.0748,
29_2,,1,29_2_1,2O,6,29_C_old_witrox_1.txt,Control_29_1,24/5/18,0.0941,
29_2,,2,29_2_2,3O,7,29_C_old_witrox_1.txt,Control_29_1,24/5/18,0.093,
Control_29_1,,,Control_29_1,4O,8,29_C_old_witrox_1.txt,Control_29_1,24/5/18,,
29_2,,3,29_2_3,1N,9,29_C_new_witrox_2.txt,Control_29_1,24/5/18,0.0462,
29_2,,4,29_2_4,2N,10,29_C_new_witrox_2.txt,Control_29_1,24/5/18,0.06,
29_2,,5,29_2_5,3N,11,29_C_new_witrox_2.txt,Control_29_1,24/5/18,0.0684,
29_3,,1,29_3_1,4N,12,29_C_new_witrox_2.txt,Control_29_1,24/5/18,0.0758,
29_3,,2,29_3_2,1O,13,29_C_old_witrox_2.txt,Control_29_1,24/5/18,0.0764,
29_3,,3,29_3_3,2O,14,29_C_old_witrox_2.txt,Control_29_1,24/5/18,0.1168,
29_3,,4,29_3_4,3O,15,29_C_old_witrox_2.txt,Control_29_1,24/5/18,0.1065,
29_3,,5,29_3_5,1N,9,29_C_new_witrox_3.txt,Control_29_3,25/5/18,0.1029,
29_4,,1,29_4_1,2N,10,29_C_new_witrox_3.txt,Control_29_3,25/5/18,0.078,
29_4,,2,29_4_2,3N,11,29_C_new_witrox_3.txt,Control_29_3,25/5/18,0.1051,
29_4,,3,29_4_3,4N,12,29_C_new_witrox_3.txt,Control_29_3,25/5/18,0.1064,
29_4,,4,29_4_4,1O,13,29_C_old_witrox_3.txt,Control_29_3,25/5/18,0.072,
29_4,,5,29_4_5,2O,14,29_C_old_witrox_3.txt,Control_29_3,25/5/18,0.0973,
Control_29_3,,,Control_29_3,3O,15,29_C_old_witrox_3.txt,Control_29_3,25/5/18,,
20_1,,1,20_1_1,1N,1,20_C_new_witrox_1.txt,Control_20_1,25/5/18,0.0416,
20_1,,2,20_1_2,2N,2,20_C_new_witrox_1.txt,Control_20_1,25/5/18,0.0336,
20_1,,3,20_1_3,3N,3,20_C_new_witrox_1.txt,Control_20_1,25/5/18,0.0805,
20_1,,4,20_1_4,4N,4,20_C_new_witrox_1.txt,Control_20_1,25/5/18,0.0967,
20_1,,5,20_1_5,1O,5,20_C_old_witrox_1.txt,Control_20_1,25/5/18,0.0826,
20_2,,1,20_2_1,2O,6,20_C_old_witrox_1.txt,Control_20_1,25/5/18,0.0636,
20_2,,2,20_2_2,3O,7,20_C_old_witrox_1.txt,Control_20_1,25/5/18,0.0302,
Control_20_1,,,Control_20_1,4O,8,20_C_old_witrox_1.txt,Control_20_1,25/5/18,,
20_2,,4,20_2_4,1N,1,20_C_new_witrox_2.txt,Control_20_2,25/5/18,0.0309,
20_2,,5,20_2_5,2N,2,20_C_new_witrox_2.txt,Control_20_2,25/5/18,0.0649,
20_3,,1,20_3_1,3N,3,20_C_new_witrox_2.txt,Control_20_2,25/5/18,0.0769,
20_3,,2,20_3_2,4N,4,20_C_new_witrox_2.txt,Control_20_2,25/5/18,0.0563,
20_3,,3,20_3_3,1O,5,20_C_old_witrox_2.txt,Control_20_2,25/5/18,0.0554,
20_3,,4,20_3_4,2O,6,20_C_old_witrox_2.txt,Control_20_2,25/5/18,0.0566,
20_3,,5,20_3_5,3O,7,20_C_old_witrox_2.txt,Control_20_2,25/5/18,0.0628,
Control_20_2,,,Control_20_2,4O,8,20_C_old_witrox_2.txt,Control_20_2,25/5/18,,
20_4,,1,20_4_1,1N,9,20_C_new_witrox_3.txt,Control_20_2,25/5/18,0.0784,
20_4,,2,20_4_2,2N,10,20_C_new_witrox_3.txt,Control_20_2,25/5/18,0.0918,
20_4,,3,20_4_3,3N,11,20_C_new_witrox_3.txt,Control_20_2,25/5/18,0.074,
20_4,,4,20_4_4,4N,12,20_C_new_witrox_3.txt,Control_20_2,25/5/18,0.058,
20_4,,5,20_4_5,1O,13,20_C_old_witrox_3.txt,Control_20_2,25/5/18,0.094,
20_2,,3,20_2_3,2O,14,20_C_old_witrox_3.txt,Control_20_2,25/5/18,0.037,
26_3,,3,26_3_3,1N,1,26_C_new_witrox_4.txt,Control_26_4,30/5/18,0.1157,
26_1,,2,26_1_2,2N,2,26_C_new_witrox_4.txt,Control_26_4,30/5/18,0.1341,
26_1,,3,26_1_3,3N,3,26_C_new_witrox_4.txt,Control_26_4,30/5/18,0.0715,
26_3,,1,26_3_1,4N,4,26_C_new_witrox_4.txt,Control_26_4,30/5/18,0.1473,
26_4,,4,26_4_4,4O,5,26_C_old_witrox_4.txt,Control_26_4,30/5/18,0.1029,
26_3,,4,26_3_4,2O,6,26_C_old_witrox_4.txt,Control_26_4,30/5/18,0.1245,
26_3,,5,26_3_5,3O,7,26_C_old_witrox_4.txt,Control_26_4,30/5/18,0.1265,
Control_26_4,,,Control_26_4,1O,8,26_C_old_witrox_4.txt,Control_26_4,30/5/18,,
26_2,,1,26_2_1,1N,9,26_C_new_witrox_5.txt,Control_26_4,30/5/18,0.1058,
26_1,,1,26_1_1,2N,10,26_C_new_witrox_5.txt,Control_26_4,30/5/18,0.0899,
26_2,,4,26_2_4,3N,11,26_C_new_witrox_5.txt,Control_26_4,30/5/18,0.1328,
26_4,,1,26_4_1,4N,12,26_C_new_witrox_5.txt,Control_26_4,30/5/18,0.1442,
26_4,,5,26_4_5,1O,13,26_C_old_witrox_5.txt,Control_26_4,30/5/18,0.0879,
26_4,,2,26_4_2,2O,14,26_C_old_witrox_5.txt,Control_26_4,30/5/18,0.1233,
26_4,,3,26_4_3,3O,15,26_C_old_witrox_5.txt,Control_26_4,30/5/18,0.1397,
32_2,,3,32_2_3,1N,1,32_C_new_witrox_4.txt,Control_32_4,30/5/18,0.1127,
32_2,,4,32_2_4,2N,2,32_C_new_witrox_4.txt,Control_32_4,30/5/18,0.1142,
32_4,,4,32_4_4,3N,3,32_C_new_witrox_4.txt,Control_32_4,30/5/18,0.1543,
32_1,,3,32_1_3,4N,4,32_C_new_witrox_4.txt,Control_32_4,30/5/18,0.1261,
32_3,,1,32_3_1,1O,5,32_C_old_witrox_4.txt,Control_32_4,30/5/18,0.1574,
32_1,,1,32_1_1,2O,6,32_C_old_witrox_4.txt,Control_32_4,30/5/18,0.1014,
32_2,,1,32_2_1,3O,7,32_C_old_witrox_4.txt,Control_32_4,30/5/18,0.113,
Control_32_4,,,Control_32_4,4O,8,32_C_old_witrox_4.txt,Control_32_4,30/5/18,,
26_1,,5,26_1_5,1N,9,26_C_new_witrox_6.txt,Control_26_6,30/5/18,0.1459,
26_3,,2,26_3_2,2N,10,26_C_new_witrox_6.txt,Control_26_6,30/5/18,0.1782,
26_2,,3,26_2_3,3N,11,26_C_new_witrox_6.txt,Control_26_6,30/5/18,0.0908,
26_2,,2,26_2_2,4N,12,26_C_new_witrox_6.txt,Control_26_6,30/5/18,0.1136,
26_1,,4,26_1_4,1O,13,26_C_old_witrox_6.txt,Control_26_6,30/5/18,0.1443,
26_2,,5,26_2_5,2O,14,26_C_old_witrox_6.txt,Control_26_6,30/5/18,0.1476,
Control_26_6,,,Control_26_6,3O,15,26_C_old_witrox_6.txt,Control_26_6,30/5/18,,
32_4,,3,32_4_3,1N,1,32_C_new_witrox_5.txt,Control_32_5,31/5/18,0.1651,
32_1,,4,32_1_4,2N,2,32_C_new_witrox_5.txt,Control_32_5,31/5/18,0.1214,
32_4,,5,32_4_5,3N,3,32_C_new_witrox_5.txt,Control_32_5,31/5/18,0.1271,
32_4,,2,32_4_2,4N,4,32_C_new_witrox_5.txt,Control_32_5,31/5/18,0.12,
32_3,,3,32_3_3,1O,5,32_C_old_witrox_5.txt,Control_32_5,31/5/18,0.1531,
32_4,,1,32_4_1,2O,6,32_C_old_witrox_5.txt,Control_32_5,31/5/18,0.1255,
32_1,,2,32_1_2,3O,7,32_C_old_witrox_5.txt,Control_32_5,31/5/18,0.1131,
Control_32_5,,,Control_32_5,4O,8,32_C_old_witrox_5.txt,Control_32_5,31/5/18,,
32_3,,4,32_3_4,1N,9,32_C_new_witrox_6.txt,Control_32_5,31/5/18,0.0889,
32_2,,2,32_2_2,2N,10,32_C_new_witrox_6.txt,Control_32_5,31/5/18,0.1985,
32_3,,5,32_3_5,3N,11,32_C_new_witrox_6.txt,Control_32_5,31/5/18,0.1082,
32_1,,5,32_1_5,4N,12,32_C_new_witrox_6.txt,Control_32_5,31/5/18,0.1594,
29_2,,4,29_2_4,1N,1,29_C_new_witrox_4.txt,Control_29_4,31/5/18,0.0984,
29_2,,3,29_2_3,2N,2,29_C_new_witrox_4.txt,Control_29_4,31/5/18,0.086,
29_1,,2,29_1_2,3N,3,29_C_new_witrox_4.txt,Control_29_4,31/5/18,0.103,
29_2,,2,29_2_2,4N,4,29_C_new_witrox_4.txt,Control_29_4,31/5/18,0.1228,
29_1,,4,29_1_4,1O,5,29_C_old_witrox_4.txt,Control_29_4,31/5/18,0.096,
29_3,,4,29_3_4,2O,6,29_C_old_witrox_4.txt,Control_29_4,31/5/18,0.1807,
29_3,,2,29_3_2,3O,7,29_C_old_witrox_4.txt,Control_29_4,31/5/18,0.1453,
Control_29_4,,,Control_29_4,4O,8,29_C_old_witrox_4.txt,Control_29_4,31/5/18,,
29_1,,1,29_1_1,1N,9,29_C_new_witrox_5.txt,Control_29_4,31/5/18,0.22,
29_3,,3,29_3_3,2N,10,29_C_new_witrox_5.txt,Control_29_4,31/5/18,0.1995,
29_3,,1,29_3_1,3N,11,29_C_new_witrox_5.txt,Control_29_4,31/5/18,0.1061,
29_1,,3,29_1_3,4N,12,29_C_new_witrox_5.txt,Control_29_4,31/5/18,0.153,
29_2,,5,29_2_5,1O,13,29_C_old_witrox_5.txt,Control_29_4,31/5/18,0.1028,
29_1,,5,29_1_5,2O,14,29_C_old_witrox_5.txt,Control_29_4,31/5/18,0.1191,
29_2,,1,29_2_1,3O,15,29_C_old_witrox_5.txt,Control_29_4,31/5/18,0.1397,
29_4,,3,29_4_3,1N,9,29_C_new_witrox_6.txt,Control_29_6,1/6/18,0.1713,
29_3,,5,29_3_5,2N,10,29_C_new_witrox_6.txt,Control_29_6,1/6/18,0.1388,
29_4,,2,29_4_2,3N,11,29_C_new_witrox_6.txt,Control_29_6,1/6/18,0.1732,
29_4,,1,29_4_1,4N,12,29_C_new_witrox_6.txt,Control_29_6,1/6/18,0.1323,
29_4,,4,29_4_4,1O,13,29_C_old_witrox_6.txt,Control_29_6,1/6/18,0.1339,
29_4,,5,29_4_5,2O,14,29_C_old_witrox_6.txt,Control_29_6,1/6/18,0.1569,
Control_29_6,,,Control_29_6,3O,15,29_C_old_witrox_6.txt,Control_29_6,1/6/18,,
20_1,,2,20_1_2,1N,1,20_C_new_witrox_4.txt,Control_20_4,1/6/18,0.0581,
20_1,,3,20_1_3,2N,2,20_C_new_witrox_4.txt,Control_20_4,1/6/18,0.1008,
20_2,,2,20_2_2,3N,3,20_C_new_witrox_4.txt,Control_20_4,1/6/18,0.0469,
20_2,,1,20_2_1,4N,4,20_C_new_witrox_4.txt,Control_20_4,1/6/18,0.0913,
20_1,,4,20_1_4,1O,5,20_C_old_witrox_4.txt,Control_20_4,1/6/18,0.1236,
20_1,,1,20_1_1,2O,6,20_C_old_witrox_4.txt,Control_20_4,1/6/18,0.0622,
20_1,,5,20_1_5,3O,7,20_C_old_witrox_4.txt,Control_20_4,1/6/18,0.1097,
Control_20_4,,,Control_20_4,4O,8,20_C_old_witrox_4.txt,Control_20_4,1/6/18,,
20_4,,4,20_4_4,1N,1,20_C_new_witrox_5.txt,Control_20_5,1/6/18,0.0882,
20_3,,1,20_3_1,2N,2,20_C_new_witrox_5.txt,Control_20_5,1/6/18,0.1147,
20_2,,4,20_2_4,3N,3,20_C_new_witrox_5.txt,Control_20_5,1/6/18,0.0455,
20_4,,3,20_4_3,4N,4,20_C_new_witrox_5.txt,Control_20_5,1/6/18,0.0998,
20_2,,5,20_2_5,1O,5,20_C_old_witrox_5.txt,Control_20_5,1/6/18,0.0846,
20_4,,2,20_4_2,2O,6,20_C_old_witrox_5.txt,Control_20_5,1/6/18,0.1246,
20_4,,1,20_4_1,3O,7,20_C_old_witrox_5.txt,Control_20_5,1/6/18,0.0998,
Control_20_5,,,Control_20_5,4O,8,20_C_old_witrox_5.txt,Control_20_5,1/6/18,,
20_3,,4,20_3_4,1N,9,20_C_new_witrox_6.txt,Control_20_5,1/6/18,0.088,
20_2,,3,20_2_3,2N,10,20_C_new_witrox_6.txt,Control_20_5,1/6/18,0.057,
20_4,,5,20_4_5,3N,11,20_C_new_witrox_6.txt,Control_20_5,1/6/18,0.1238,
20_3,,5,20_3_5,4N,12,20_C_new_witrox_6.txt,Control_20_5,1/6/18,0.0968,
20_3,,3,20_3_3,1O,13,20_C_old_witrox_6.txt,Control_20_5,1/6/18,0.0825,
20_3,,2,20_3_2,2O,14,20_C_old_witrox_6.txt,Control_20_5,1/6/18,0.0867,
26_2,,1,26_2_1,1N,1,26_C_new_witrox_7.txt,Control_26_7,6/6/18,0.1431,
26_2,,4,26_2_4,2N,2,26_C_new_witrox_7.txt,Control_26_7,6/6/18,0.1786,
26_1,,3,26_1_3,3N,3,26_C_new_witrox_7.txt,Control_26_7,6/6/18,0.1063,
26_3,,5,26_3_5,4N,4,26_C_new_witrox_7.txt,Control_26_7,6/6/18,0.1529,
26_4,,1,26_4_1,1O,5,26_C_old_witrox_7.txt,Control_26_7,6/6/18,0.2025,
26_4,,2,26_4_2,2O,6,26_C_old_witrox_7.txt,Control_26_7,6/6/18,0.1603,
26_4,,4,26_4_4,3O,7,26_C_old_witrox_7.txt,Control_26_7,6/6/18,0.1218,
Control_26_7,,,Control_26_7,4O,8,26_C_old_witrox_7.txt,Control_26_7,6/6/18,,
26_3,,3,26_3_3,1N,9,26_C_new_witrox_8.txt,Control_26_7,6/6/18,0.1686,
26_3,,1,26_3_1,2N,10,26_C_new_witrox_8.txt,Control_26_7,6/6/18,0.1818,
26_1,,1,26_1_1,3N,11,26_C_new_witrox_8.txt,Control_26_7,6/6/18,0.1085,
26_4,,3,26_4_3,4N,12,26_C_new_witrox_8.txt,Control_26_7,6/6/18,0.209,
26_4,,5,26_4_5,1O,13,26_C_old_witrox_8.txt,Control_26_7,6/6/18,0.1261,
26_3,,4,26_3_4,2O,14,26_C_old_witrox_8.txt,Control_26_7,6/6/18,0.158,
26_1,,2,26_1_2,3O,15,26_C_old_witrox_8.txt,Control_26_7,6/6/18,0.1732,
32_1,,3,32_1_3,1N,1,32_C_new_witrox_7.txt,Control_32_7,6/6/18,0.1556,
32_4,,4,32_4_4,2N,2,32_C_new_witrox_7.txt,Control_32_7,6/6/18,0.1965,
32_2,,1,32_2_1,3N,3,32_C_new_witrox_7.txt,Control_32_7,6/6/18,0.1629,
32_1,,1,32_1_1,4N,4,32_C_new_witrox_7.txt,Control_32_7,6/6/18,0.1329,
32_2,,4,32_2_4,1O,5,32_C_old_witrox_7.txt,Control_32_7,6/6/18,0.1397,
32_2,,3,32_2_3,2O,6,32_C_old_witrox_7.txt,Control_32_7,6/6/18,0.1417,
32_3,,1,32_3_1,3O,7,32_C_old_witrox_7.txt,Control_32_7,6/6/18,0.2208,
Control_32_7,,,Control_32_7,4O,8,32_C_old_witrox_7.txt,Control_32_7,6/6/18,,
26_3,,2,26_3_2,1N,9,26_C_new_witrox_9.txt,Control_26_9,6/6/18,0.2377,
26_2,,3,26_2_3,2N,10,26_C_new_witrox_9.txt,Control_26_9,6/6/18,0.1265,
26_2,,2,26_2_2,3N,11,26_C_new_witrox_9.txt,Control_26_9,6/6/18,0.1546,
26_1,,4,26_1_4,4N,12,26_C_new_witrox_9.txt,Control_26_9,6/6/18,0.192,
26_2,,5,26_2_5,1O,13,26_C_old_witrox_9.txt,Control_26_9,6/6/18,0.2019,
26_1,,5,26_1_5,2O,14,26_C_old_witrox_9.txt,Control_26_9,6/6/18,0.192,
Control_26_9,,,Control_26_9,3O,15,26_C_old_witrox_9.txt,Control_26_9,6/6/18,,
32_3,,3,32_3_3,1N,1,32_C_new_witrox_8.txt,Control_32_8,7/6/18,0.2143,
32_4,,3,32_4_3,2N,2,32_C_new_witrox_8.txt,Control_32_8,7/6/18,0.2158,
32_4,,1,32_4_1,3N,3,32_C_new_witrox_8.txt,Control_32_8,7/6/18,0.1631,
32_3,,4,32_3_4,4N,4,32_C_new_witrox_8.txt,Control_32_8,7/6/18,0.128,
32_4,,5,32_4_5,1O,5,32_C_old_witrox_8.txt,Control_32_8,7/6/18,0.1565,
32_1,,5,32_1_5,2O,6,32_C_old_witrox_8.txt,Control_32_8,7/6/18,0.2069,
32_1,,4,32_1_4,3O,7,32_C_old_witrox_8.txt,Control_32_8,7/6/18,0.1758,
Control_32_8,,,Control_32_8,4O,8,32_C_old_witrox_8.txt,Control_32_8,7/6/18,,
32_2,,2,32_2_2,1N,9,32_C_new_witrox_9.txt,Control_32_8,7/6/18,0.2468,
32_3,,5,32_3_5,2N,10,32_C_new_witrox_9.txt,Control_32_8,7/6/18,0.14,
32_1,,2,32_1_2,3N,11,32_C_new_witrox_9.txt,Control_32_8,7/6/18,0.1357,
32_4,,2,32_4_2,4N,12,32_C_new_witrox_9.txt,Control_32_8,7/6/18,0.1737,
29_1,,5,29_1_5,1N,1,29_C_new_witrox_7.txt,Control_29_7,7/6/18,0.1695,
29_1,,1,29_1_1,2N,2,29_C_new_witrox_7.txt,Control_29_7,7/6/18,0.2974,
29_2,,5,29_2_5,3N,3,29_C_new_witrox_7.txt,Control_29_7,7/6/18,0.141,
29_3,,2,29_3_2,4N,4,29_C_new_witrox_7.txt,Control_29_7,7/6/18,0.2176,
29_3,,3,29_3_3,1O,5,29_C_old_witrox_7.txt,Control_29_7,7/6/18,0.2538,
29_1,,3,29_1_3,2O,6,29_C_old_witrox_7.txt,Control_29_7,7/6/18,0.2074,
29_2,,3,29_2_3,3O,7,29_C_old_witrox_7.txt,Control_29_7,7/6/18,0.1392,
Control_29_7,,,Control_29_7,4O,8,29_C_old_witrox_7.txt,Control_29_7,7/6/18,,
29_2,,4,29_2_4,1N,9,29_C_new_witrox_8.txt,Control_29_7,7/6/18,0.1484,
29_2,,1,29_2_1,2N,10,29_C_new_witrox_8.txt,Control_29_7,7/6/18,0.1872,
29_2,,2,29_2_2,3N,11,29_C_new_witrox_8.txt,Control_29_7,7/6/18,0.1568,
29_1,,2,29_1_2,4N,12,29_C_new_witrox_8.txt,Control_29_7,7/6/18,0.1505,
29_3,,1,29_3_1,1O,13,29_C_old_witrox_8.txt,Control_29_7,7/6/18,0.138,
29_3,,4,29_3_4,2O,14,29_C_old_witrox_8.txt,Control_29_7,7/6/18,0.2315,
29_1,,4,29_1_4,3O,15,29_C_old_witrox_8.txt,Control_29_7,7/6/18,0.1351,
20_1,,4,20_1_4,1N,1,20_C_new_witrox_7.txt,Control_20_7,8/6/18,0.1445,
20_2,,2,20_2_2,2N,2,20_C_new_witrox_7.txt,Control_20_7,8/6/18,0.0669,
20_1,,1,20_1_1,3N,3,20_C_new_witrox_7.txt,Control_20_7,8/6/18,0.0831,
20_1,,5,20_1_5,4N,4,20_C_new_witrox_7.txt,Control_20_7,8/6/18,0.1293,
20_1,,2,20_1_2,1O,5,20_C_old_witrox_7.txt,Control_20_7,8/6/18,0.0796,
20_1,,3,20_1_3,2O,6,20_C_old_witrox_7.txt,Control_20_7,8/6/18,0.1239,
20_2,,1,20_2_1,3O,7,20_C_old_witrox_7.txt,Control_20_7,8/6/18,0.1269,
Control_20_7,,,Control_20_7,4O,8,20_C_old_witrox_7.txt,Control_20_7,8/6/18,,
29_4,,3,29_4_3,1N,9,29_C_new_witrox_9.txt,Control_29_9,8/6/18,0.2313,
29_4,,5,29_4_5,2N,10,29_C_new_witrox_9.txt,Control_29_9,8/6/18,0.2179,
29_4,,1,29_4_1,3N,11,29_C_new_witrox_9.txt,Control_29_9,8/6/18,0.1844,
29_4,,4,29_4_4,4N,12,29_C_new_witrox_9.txt,Control_29_9,8/6/18,0.1648,
29_4,,2,29_4_2,1O,13,29_C_old_witrox_9.txt,Control_29_9,8/6/18,0.2418,
29_3,,5,29_3_5,2O,14,29_C_old_witrox_9.txt,Control_29_9,8/6/18,0.1675,
Control_29_9,,,Control_29_9,3O,15,29_C_old_witrox_9.txt,Control_29_9,8/6/18,,
20_3,,2,20_3_2,1N,1,20_C_new_witrox_8.txt,Control_20_8,8/6/18,0.1164,
20_3,,5,20_3_5,2N,2,20_C_new_witrox_8.txt,Control_20_8,8/6/18,0.124,
20_3,,1,20_3_1,3N,3,20_C_new_witrox_8.txt,Control_20_8,8/6/18,0.1544,
20_4,,1,20_4_1,4N,4,20_C_new_witrox_8.txt,Control_20_8,8/6/18,0.121,
20_3,,3,20_3_3,1O,5,20_C_old_witrox_8.txt,Control_20_8,8/6/18,0.1087,
20_4,,4,20_4_4,2O,6,20_C_old_witrox_8.txt,Control_20_8,8/6/18,0.115,
20_2,,4,20_2_4,3O,7,20_C_old_witrox_8.txt,Control_20_8,8/6/18,0.0553,
Control_20_8,,,Control_20_8,4O,8,20_C_old_witrox_8.txt,Control_20_8,8/6/18,,
20_2,,5,20_2_5,1N,9,20_C_new_witrox_9.txt,Control_20_8,8/6/18,0.1035,
20_4,,2,20_4_2,2N,10,20_C_new_witrox_9.txt,Control_20_8,8/6/18,0.1614,
20_4,,5,20_4_5,3N,11,20_C_new_witrox_9.txt,Control_20_8,8/6/18,0.1478,
20_3,,4,20_3_4,4N,12,20_C_new_witrox_9.txt,Control_20_8,8/6/18,0.1107,
20_4,,3,20_4_3,1O,13,20_C_old_witrox_9.txt,Control_20_8,8/6/18,0.1188,
20_2,,3,20_2_3,2O,14,20_C_old_witrox_9.txt,Control_20_8,8/6/18,0.0796,
26_3,,5,26_3_5,1N,1,26_C_new_witrox_10.txt,Control_26_10,13/6/18,0.179,
26_4,,1,26_4_1,2N,2,26_C_new_witrox_10.txt,Control_26_10,13/6/18,0.2424,
26_4,,4,26_4_4,3N,3,26_C_new_witrox_10.txt,Control_26_10,13/6/18,0.1425,
26_1,,1,26_1_1,4N,4,26_C_new_witrox_10.txt,Control_26_10,13/6/18,0.1243,
26_1,,3,26_1_3,1O,5,26_C_old_witrox_10.txt,Control_26_10,13/6/18,0.1344,
26_3,,1,26_3_1,2O,6,26_C_old_witrox_10.txt,Control_26_10,13/6/18,0.2013,
26_3,,3,26_3_3,3O,7,26_C_old_witrox_10.txt,Control_26_10,13/6/18,0.1893,
Control_26_10,,,Control_26_10,4O,8,26_C_old_witrox_10.txt,Control_26_10,13/6/18,,
26_3,,4,26_3_4,1N,9,26_C_new_witrox_11.txt,Control_26_10,13/6/18,0.1697,
26_1,,2,26_1_2,2N,10,26_C_new_witrox_11.txt,Control_26_10,13/6/18,0.1977,
26_2,,1,26_2_1,3N,11,26_C_new_witrox_11.txt,Control_26_10,13/6/18,0.1558,
26_4,,5,26_4_5,4N,12,26_C_new_witrox_11.txt,Control_26_10,13/6/18,0.1529,
26_4,,2,26_4_2,1O,13,26_C_old_witrox_11.txt,Control_26_10,13/6/18,0.1823,
26_2,,4,26_2_4,2O,14,26_C_old_witrox_11.txt,Control_26_10,13/6/18,0.2075,
26_4,,3,26_4_3,3O,15,26_C_old_witrox_11.txt,Control_26_10,13/6/18,0.25,
32_2,,3,32_2_3,1N,1,32_C_new_witrox_10.txt,Control_32_10,13/6/18,0.1548,
32_2,,1,32_2_1,2N,2,32_C_new_witrox_10.txt,Control_32_10,13/6/18,0.1859,
32_1,,1,32_1_1,3N,3,32_C_new_witrox_10.txt,Control_32_10,13/6/18,0.1499,
32_2,,4,32_2_4,4N,4,32_C_new_witrox_10.txt,Control_32_10,13/6/18,0.1444,
32_4,,4,32_4_4,1O,5,32_C_old_witrox_10.txt,Control_32_10,13/6/18,0.2227,
32_3,,1,32_3_1,2O,6,32_C_old_witrox_10.txt,Control_32_10,13/6/18,0.2435,
32_1,,3,32_1_3,3O,7,32_C_old_witrox_10.txt,Control_32_10,13/6/18,0.1706,
Control_32_10,,,Control_32_10,4O,8,32_C_old_witrox_10.txt,Control_32_10,13/6/18,,
26_2,,3,26_2_3,1N,9,26_C_new_witrox_12.txt,Control_26_12,13/6/18,0.1416,
26_1,,4,26_1_4,2N,10,26_C_new_witrox_12.txt,Control_26_12,13/6/18,0.2188,
26_3,,2,26_3_2,3N,11,26_C_new_witrox_12.txt,Control_26_12,13/6/18,0.2763,
26_2,,5,26_2_5,4N,12,26_C_new_witrox_12.txt,Control_26_12,13/6/18,0.227,
26_2,,2,26_2_2,1O,13,26_C_old_witrox_12.txt,Control_26_12,13/6/18,0.1708,
26_1,,5,26_1_5,2O,14,26_C_old_witrox_12.txt,Control_26_12,13/6/18,0.2148,
Control_26_12,,,Control_26_12,3O,15,26_C_old_witrox_12.txt,Control_26_12,13/6/18,,
32_3,,3,32_3_3,1N,1,32_C_new_witrox_11.txt,Control_32_11,14/6/18,0.2606,
32_4,,2,32_4_2,2N,2,32_C_new_witrox_11.txt,Control_32_11,14/6/18,0.1885,
32_2,,2,32_2_2,3N,3,32_C_new_witrox_11.txt,Control_32_11,14/6/18,0.2518,
32_4,,3,32_4_3,4N,4,32_C_new_witrox_11.txt,Control_32_11,14/6/18,0.2211,
32_4,,5,32_4_5,1O,5,32_C_old_witrox_11.txt,Control_32_11,14/6/18,0.1674,
32_1,,5,32_1_5,2O,6,32_C_old_witrox_11.txt,Control_32_11,14/6/18,0.2225,
32_1,,2,32_1_2,3O,7,32_C_old_witrox_11.txt,Control_32_11,14/6/18,0.1478,
Control_32_11,,,Control_32_11,4O,8,32_C_old_witrox_11.txt,Control_32_11,14/6/18,,
32_4,,1,32_4_1,1N,9,32_C_new_witrox_12.txt,Control_32_11,14/6/18,0.1832,
32_3,,4,32_3_4,2N,10,32_C_new_witrox_12.txt,Control_32_11,14/6/18,0.1384,
32_1,,4,32_1_4,3N,11,32_C_new_witrox_12.txt,Control_32_11,14/6/18,0.1863,
32_3,,5,32_3_5,4N,12,32_C_new_witrox_12.txt,Control_32_11,14/6/18,0.1549,
29_3,,1,29_3_1,1N,1,29_C_new_witrox_10.txt,Control_29_10,14/6/18,0.1504,
29_2,,1,29_2_1,2N,2,29_C_new_witrox_10.txt,Control_29_10,14/6/18,0.206,
29_2,,5,29_2_5,3N,3,29_C_new_witrox_10.txt,Control_29_10,14/6/18,0.156,
29_2,,3,29_2_3,4N,4,29_C_new_witrox_10.txt,Control_29_10,14/6/18,0.1681,
29_3,,4,29_3_4,1O,5,29_C_old_witrox_10.txt,Control_29_10,14/6/18,0.247,
29_1,,5,29_1_5,2O,6,29_C_old_witrox_10.txt,Control_29_10,14/6/18,0.1833,
29_2,,4,29_2_4,3O,7,29_C_old_witrox_10.txt,Control_29_10,14/6/18,0.1676,
Control_29_10,,,Control_29_10,4O,8,29_C_old_witrox_10.txt,Control_29_10,14/6/18,,
29_3,,3,29_3_3,1N,9,29_C_new_witrox_11.txt,Control_29_10,14/6/18,0.271,
29_1,,1,29_1_1,2N,10,29_C_new_witrox_11.txt,Control_29_10,14/6/18,0.3401,
29_1,,3,29_1_3,3N,11,29_C_new_witrox_11.txt,Control_29_10,14/6/18,0.2189,
29_3,,2,29_3_2,4N,12,29_C_new_witrox_11.txt,Control_29_10,14/6/18,0.2525,
29_1,,4,29_1_4,1O,13,29_C_old_witrox_11.txt,Control_29_10,14/6/18,0.1538,
29_2,,2,29_2_2,2O,14,29_C_old_witrox_11.txt,Control_29_10,14/6/18,0.1683,
29_1,,2,29_1_2,3O,15,29_C_old_witrox_11.txt,Control_29_10,14/6/18,0.1623,
20_1,,3,20_1_3,1N,1,20_C_new_witrox_10.txt,Control_20_10,15/6/18,0.1355,
20_1,,1,20_1_1,2N,2,20_C_new_witrox_10.txt,Control_20_10,15/6/18,0.0926,
20_1,,4,20_1_4,3N,3,20_C_new_witrox_10.txt,Control_20_10,15/6/18,0.1506,
20_2,,2,20_2_2,4N,4,20_C_new_witrox_10.txt,Control_20_10,15/6/18,0.0728,
20_1,,5,20_1_5,1O,5,20_C_old_witrox_10.txt,Control_20_10,15/6/18,0.1426,
20_1,,2,20_1_2,2O,6,20_C_old_witrox_10.txt,Control_20_10,15/6/18,0.0914,
20_2,,1,20_2_1,3O,7,20_C_old_witrox_10.txt,Control_20_10,15/6/18,0.1526,
Control_20_10,,,Control_20_10,4O,8,20_C_old_witrox_10.txt,Control_20_10,15/6/18,,
29_4,,1,29_4_1,1N,9,29_C_new_witrox_12.txt,Control_29_12,15/6/18,0.1998,
29_4,,5,29_4_5,2N,10,29_C_new_witrox_12.txt,Control_29_12,15/6/18,0.2346,
29_3,,5,29_3_5,3N,11,29_C_new_witrox_12.txt,Control_29_12,15/6/18,0.1842,
29_4,,4,29_4_4,4N,12,29_C_new_witrox_12.txt,Control_29_12,15/6/18,0.1651,
29_4,,2,29_4_2,1O,13,29_C_old_witrox_12.txt,Control_29_12,15/6/18,0.2491,
29_4,,3,29_4_3,2O,14,29_C_old_witrox_12.txt,Control_29_12,15/6/18,0.2458,
Control_29_12,,,Control_29_12,3O,15,29_C_old_witrox_12.txt,Control_29_12,15/6/18,,
20_4,,1,20_4_1,1N,1,20_C_new_witrox_11.txt,Control_20_11,15/6/18,0.1331,
20_4,,3,20_4_3,2N,2,20_C_new_witrox_11.txt,Control_20_11,15/6/18,0.1294,
20_3,,5,20_3_5,3N,3,20_C_new_witrox_11.txt,Control_20_11,15/6/18,0.1401,
20_4,,5,20_4_5,4N,4,20_C_new_witrox_11.txt,Control_20_11,15/6/18,0.1568,
20_3,,2,20_3_2,1O,5,20_C_old_witrox_11.txt,Control_20_11,15/6/18,0.134,
20_3,,1,20_3_1,2O,6,20_C_old_witrox_11.txt,Control_20_11,15/6/18,0.1864,
20_4,,4,20_4_4,3O,7,20_C_old_witrox_11.txt,Control_20_11,15/6/18,0.1327,
Control_20_11,,,Control_20_11,4O,8,20_C_old_witrox_11.txt,Control_20_11,15/6/18,,
20_2,,5,20_2_5,1N,9,20_C_new_witrox_12.txt,Control_20_12,15/6/18,0.113,
20_2,,3,20_2_3,2N,10,20_C_new_witrox_12.txt,Control_20_12,15/6/18,0.091,
20_4,,2,20_4_2,3N,11,20_C_new_witrox_12.txt,Control_20_12,15/6/18,0.1826,
20_3,,3,20_3_3,4N,12,20_C_new_witrox_12.txt,Control_20_12,15/6/18,0.1245,
20_3,,4,20_3_4,1O,13,20_C_old_witrox_12.txt,Control_20_12,15/6/18,0.1256,
20_2,,4,20_2_4,2O,14,20_C_old_witrox_12.txt,Control_20_12,15/6/18,0.0605,
Control_20_12,,,Control_20_12,3O,15,20_C_old_witrox_12.txt,Control_20_12,15/6/18,,
26_4,,4,26_4_4,1N,1,26_C_new_witrox_13.txt,Control_26_13,20/6/18,0.1512,
26_3,,1,26_3_1,2N,2,26_C_new_witrox_13.txt,Control_26_13,20/6/18,0.2245,
26_3,,5,26_3_5,3N,3,26_C_new_witrox_13.txt,Control_26_13,20/6/18,0.2065,
26_4,,3,26_4_3,4N,4,26_C_new_witrox_13.txt,Control_26_13,20/6/18,0.2843,
26_1,,2,26_1_2,1O,5,26_C_old_witrox_13.txt,Control_26_13,20/6/18,0.2185,
26_1,,1,26_1_1,2O,6,26_C_old_witrox_13.txt,Control_26_13,20/6/18,0.1476,
26_4,,2,26_4_2,3O,7,26_C_old_witrox_13.txt,Control_26_13,20/6/18,0.2057,
Control_26_13,,,Control_26_13,4O,8,26_C_old_witrox_13.txt,Control_26_13,20/6/18,,
26_2,,4,26_2_4,1N,9,26_C_new_witrox_14.txt,Control_26_13,20/6/18,0.2307,
26_2,,1,26_2_1,2N,10,26_C_new_witrox_14.txt,Control_26_13,20/6/18,0.1788,
26_4,,1,26_4_1,3N,11,26_C_new_witrox_14.txt,Control_26_13,20/6/18,0.2895,
26_3,,3,26_3_3,4N,12,26_C_new_witrox_14.txt,Control_26_13,20/6/18,0.212,
26_4,,5,26_4_5,1O,13,26_C_old_witrox_14.txt,Control_26_13,20/6/18,0.1898,
26_3,,4,26_3_4,2O,14,26_C_old_witrox_14.txt,Control_26_13,20/6/18,0.182,
26_1,,3,26_1_3,3O,15,26_C_old_witrox_14.txt,Control_26_13,20/6/18,0.1845,
32_2,,1,32_2_1,1N,1,32_C_new_witrox_13.txt,Control_32_13,20/6/18,0.2048,
32_2,,3,32_2_3,2N,2,32_C_new_witrox_13.txt,Control_32_13,20/6/18,0.1693,
32_1,,3,32_1_3,3N,3,32_C_new_witrox_13.txt,Control_32_13,20/6/18,0.1838,
32_3,,1,32_3_1,4N,4,32_C_new_witrox_13.txt,Control_32_13,20/6/18,0.2789,
32_4,,4,32_4_4,1O,5,32_C_old_witrox_13.txt,Control_32_13,20/6/18,0.2198,
32_1,,1,32_1_1,2O,6,32_C_old_witrox_13.txt,Control_32_13,20/6/18,0.1671,
32_2,,4,32_2_4,3O,7,32_C_old_witrox_13.txt,Control_32_13,20/6/18,0.1517,
Control_32_13,,,Control_32_13,4O,8,32_C_old_witrox_13.txt,Control_32_13,20/6/18,,
26_2,,2,26_2_2,1N,9,26_C_new_witrox_15.txt,Control_26_15,20/6/18,0.1915,
26_2,,3,26_2_3,2N,10,26_C_new_witrox_15.txt,Control_26_15,20/6/18,0.1563,
26_3,,2,26_3_2,3N,11,26_C_new_witrox_15.txt,Control_26_15,20/6/18,0.2993,
26_1,,4,26_1_4,4N,12,26_C_new_witrox_15.txt,Control_26_15,20/6/18,0.2334,
26_1,,5,26_1_5,1O,13,26_C_old_witrox_15.txt,Control_26_15,20/6/18,0.2338,
26_2,,5,26_2_5,2O,14,26_C_old_witrox_15.txt,Control_26_15,20/6/18,0.2485,
Control_26_15,,,Control_26_15,3O,15,26_C_old_witrox_15.txt,Control_26_15,20/6/18,,
32_4,,2,32_4_2,1N,1,32_C_new_witrox_14.txt,Control_32_14,21/6/18,0.2095,
32_4,,3,32_4_3,2N,2,32_C_new_witrox_14.txt,Control_32_14,21/6/18,0.2273,
32_1,,5,32_1_5,3N,3,32_C_new_witrox_14.txt,Control_32_14,21/6/18,0.2265,
32_3,,5,32_3_5,4N,4,32_C_new_witrox_14.txt,Control_32_14,21/6/18,0.179,
32_3,,3,32_3_3,1O,5,32_C_old_witrox_14.txt,Control_32_14,21/6/18,0.2764,
32_2,,2,32_2_2,,,,,21/6/18,0.2935,
32_4,,5,32_4_5,3O,7,32_C_old_witrox_14.txt,Control_32_14,21/6/18,0.1888,
Control_32_14,,,Control_32_14,4O,8,32_C_old_witrox_14.txt,Control_32_14,21/6/18,,
32_1,,2,32_1_2,1N,9,32_C_new_witrox_15.txt,Control_32_14,21/6/18,0.1677,
32_4,,1,32_4_1,2N,10,32_C_new_witrox_15.txt,Control_32_14,21/6/18,0.2057,
32_1,,4,32_1_4,3N,11,32_C_new_witrox_15.txt,Control_32_14,21/6/18,0.2039,
32_3,,4,32_3_4,4N,12,32_C_new_witrox_15.txt,Control_32_14,21/6/18,0.1591,
29_2,,2,29_2_2,1N,1,29_C_new_witrox_13.txt,Control_29_13,21/6/18,0.186,
29_2,,3,29_2_3,2N,2,29_C_new_witrox_13.txt,Control_29_13,21/6/18,0.1877,
29_1,,3,29_1_3,3N,3,29_C_new_witrox_13.txt,Control_29_13,21/6/18,0.2451,
29_2,,5,29_2_5,4N,4,29_C_new_witrox_13.txt,Control_29_13,21/6/18,0.1725,
29_3,,3,29_3_3,1O,5,29_C_old_witrox_13.txt,Control_29_13,21/6/18,0.2879,
29_1,,1,29_1_1,2O,6,29_C_old_witrox_13.txt,Control_29_13,21/6/18,0.3307,
29_1,,2,29_1_2,3O,7,29_C_old_witrox_13.txt,Control_29_13,21/6/18,0.1857,
Control_29_13,,,Control_29_13,4O,8,29_C_old_witrox_13.txt,Control_29_13,21/6/18,,
29_2,,4,29_2_4,1N,9,29_C_new_witrox_14.txt,Control_29_13,21/6/18,0.1866,
29_3,,1,29_3_1,2N,10,29_C_new_witrox_14.txt,Control_29_13,21/6/18,0.1676,
29_2,,1,29_2_1,3N,11,29_C_new_witrox_14.txt,Control_29_13,21/6/18,0.2167,
29_3,,4,29_3_4,4N,12,29_C_new_witrox_14.txt,Control_29_13,21/6/18,0.2726,
29_1,,4,29_1_4,1O,13,29_C_old_witrox_14.txt,Control_29_13,21/6/18,0.1791,
29_1,,5,29_1_5,2O,14,29_C_old_witrox_14.txt,Control_29_13,21/6/18,0.2063,
29_3,,2,29_3_2,3O,15,29_C_old_witrox_14.txt,Control_29_13,21/6/18,0.2614,
20_2,,2,20_2_2,1N,1,20_C_new_witrox_13.txt,Control_20_13,22/6/18,0.0905,
20_1,,4,20_1_4,2N,2,20_C_new_witrox_13.txt,Control_20_13,22/6/18,0.1704,
20_2,,1,20_2_1,3N,3,20_C_new_witrox_13.txt,Control_20_13,22/6/18,0.1907,
20_1,,1,20_1_1,4N,4,20_C_new_witrox_13.txt,Control_20_13,22/6/18,0.112,
20_1,,5,20_1_5,1O,5,20_C_old_witrox_13.txt,Control_20_13,22/6/18,0.1519,
20_1,,3,20_1_3,2O,6,20_C_old_witrox_13.txt,Control_20_13,22/6/18,0.1534,
20_1,,2,20_1_2,3O,7,20_C_old_witrox_13.txt,Control_20_13,22/6/18,0.1093,
Control_20_13,,,Control_20_13,4O,8,20_C_old_witrox_13.txt,Control_20_13,22/6/18,,
29_4,,1,29_4_1,1N,9,29_C_new_witrox_15.txt,Control_29_15,22/6/18,0.2309,
29_4,,5,29_4_5,2N,10,29_C_new_witrox_15.txt,Control_29_15,22/6/18,0.2616,
29_4,,2,29_4_2,3N,11,29_C_new_witrox_15.txt,Control_29_15,22/6/18,0.2799,
29_4,,3,29_4_3,4N,12,29_C_new_witrox_15.txt,Control_29_15,22/6/18,0.2726,
29_3,,5,29_3_5,1O,13,29_C_old_witrox_15.txt,Control_29_15,22/6/18,0.2074,
29_4,,4,29_4_4,2O,14,29_C_old_witrox_15.txt,Control_29_15,22/6/18,0.1818,
Control_29_15,,,Control_29_15,3O,15,29_C_old_witrox_15.txt,Control_29_15,22/6/18,,
20_3,,2,20_3_2,1N,1,20_C_new_witrox_14.txt,Control_20_14,22/6/18,0.1502,
20_4,,2,20_4_2,2N,2,20_C_new_witrox_14.txt,Control_20_14,22/6/18,0.2239,
20_3,,3,20_3_3,3N,3,20_C_new_witrox_14.txt,Control_20_14,22/6/18,0.1433,
20_3,,5,20_3_5,4N,4,20_C_new_witrox_14.txt,Control_20_14,22/6/18,0.155,
20_4,,1,20_4_1,1O,5,20_C_old_witrox_14.txt,Control_20_14,22/6/18,0.1522,
20_3,,1,20_3_1,2O,6,20_C_old_witrox_14.txt,Control_20_14,22/6/18,0.2368,
20_4,,3,20_4_3,3O,7,20_C_old_witrox_14.txt,Control_20_14,22/6/18,0.144,
Control_20_14,,,Control_20_14,4O,8,20_C_old_witrox_14.txt,Control_20_14,22/6/18,,
20_3,,4,20_3_4,1N,9,20_C_new_witrox_15.txt,Control_20_14,22/6/18,0.1521,
20_2,,4,20_2_4,2N,10,20_C_new_witrox_15.txt,Control_20_14,22/6/18,0.0698,
20_2,,5,20_2_5,3N,11,20_C_new_witrox_15.txt,Control_20_14,22/6/18,0.1415,
20_2,,3,20_2_3,4N,12,20_C_new_witrox_15.txt,Control_20_14,22/6/18,0.1099,
20_4,,4,20_4_4,1O,13,20_C_old_witrox_15.txt,Control_20_14,22/6/18,0.1562,
20_4,,5,20_4_5,2O,14,20_C_old_witrox_15.txt,Control_20_14,22/6/18,0.171,
26_2,,1,26_2_1,1N,1,26_C_new_witrox_16.txt,Control_26_16,27/6/18,0.2,
26_3,,5,26_3_5,2N,2,26_C_new_witrox_16.txt,Control_26_16,27/6/18,0.2378,
26_4,,5,26_4_5,3N,3,26_C_new_witrox_16.txt,Control_26_16,27/6/18,0.2365,
26_2,,4,26_2_4,4N,4,26_C_new_witrox_16.txt,Control_26_16,27/6/18,0.2654,
26_4,,3,26_4_3,1O,5,26_C_old_witrox_16.txt,Control_26_16,27/6/18,0.3261,
26_1,,3,26_1_3,2O,6,26_C_old_witrox_16.txt,Control_26_16,27/6/18,0.2418,
26_4,,2,26_4_2,3O,7,26_C_old_witrox_16.txt,Control_26_16,27/6/18,0.2322,
Control_26_16,,,Control_26_16,4O,8,26_C_old_witrox_16.txt,Control_26_16,27/6/18,,
26_3,,1,26_3_1,1N,9,26_C_new_witrox_17.txt,Control_26_16,27/6/18,0.2592,
26_1,,2,26_1_2,2N,10,26_C_new_witrox_17.txt,Control_26_16,27/6/18,0.2454,
26_1,,1,26_1_1,3N,11,26_C_new_witrox_17.txt,Control_26_16,27/6/18,0.1683,
26_4,,4,26_4_4,4N,12,26_C_new_witrox_17.txt,Control_26_16,27/6/18,0.1749,
26_3,,3,26_3_3,1O,13,26_C_old_witrox_17.txt,Control_26_16,27/6/18,0.249,
26_3,,4,26_3_4,2O,14,26_C_old_witrox_17.txt,Control_26_16,27/6/18,0.2044,
26_4,,1,26_4_1,3O,15,26_C_old_witrox_17.txt,Control_26_16,27/6/18,0.319,
32_2,,4,32_2_4,1N,1,32_C_new_witrox_16.txt,Control_32_16,27/6/18,0.1774,
32_1,,1,32_1_1,2N,2,32_C_new_witrox_16.txt,Control_32_16,27/6/18,0.1823,
32_1,,3,32_1_3,3N,3,32_C_new_witrox_16.txt,Control_32_16,27/6/18,0.2033,
32_3,,1,32_3_1,4N,4,32_C_new_witrox_16.txt,Control_32_16,27/6/18,0.2788,
32_2,,1,32_2_1,1O,5,32_C_old_witrox_16.txt,Control_32_16,27/6/18,0.2302,
32_2,,3,32_2_3,2O,6,32_C_old_witrox_16.txt,Control_32_16,27/6/18,0.1885,
32_4,,4,32_4_4,3O,7,32_C_old_witrox_16.txt,Control_32_16,27/6/18,0.2347,
Control_32_16,,,Control_32_16,4O,8,32_C_old_witrox_16.txt,Control_32_16,27/6/18,,
26_1,,5,26_1_5,1N,9,26_C_new_witrox_18.txt,Control_26_18,27/6/18,0.2712,
26_2,,3,26_2_3,2N,10,26_C_new_witrox_18.txt,Control_26_18,27/6/18,0.1762,
26_2,,2,26_2_2,3N,11,26_C_new_witrox_18.txt,Control_26_18,27/6/18,0.2141,
26_2,,5,26_2_5,4N,12,26_C_new_witrox_18.txt,Control_26_18,27/6/18,0.2818,
26_3,,2,26_3_2,1O,13,26_C_old_witrox_18.txt,Control_26_18,27/6/18,0.3313,
26_1,,4,26_1_4,2O,14,26_C_old_witrox_18.txt,Control_26_18,27/6/18,0.2615,
Control_26_18,,,Control_26_18,3O,15,26_C_old_witrox_18.txt,Control_26_18,27/6/18,,
32_4,,5,32_4_5,1N,1,32_C_new_witrox_17.txt,Control_32_17,28/6/18,0.2094,
32_3,,5,32_3_5,2N,2,32_C_new_witrox_17.txt,Control_32_17,28/6/18,0.2022,
32_1,,4,32_1_4,3N,3,32_C_new_witrox_17.txt,Control_32_17,28/6/18,0.2291,
32_4,,1,32_4_1,4N,4,32_C_new_witrox_17.txt,Control_32_17,28/6/18,0.2376,
32_2,,2,32_2_2,1O,5,32_C_old_witrox_17.txt,Control_32_17,28/6/18,0.2867,
32_4,,3,32_4_3,2O,6,32_C_old_witrox_17.txt,Control_32_17,28/6/18,0.2487,
32_1,,5,32_1_5,3O,7,32_C_old_witrox_17.txt,Control_32_17,28/6/18,0.2371,
Control_32_17,,,Control_32_17,4O,8,32_C_old_witrox_17.txt,Control_32_17,28/6/18,,
32_3,,3,32_3_3,1N,9,32_C_new_witrox_18.txt,Control_32_17,28/6/18,0.3555,
32_3,,4,32_3_4,2N,10,32_C_new_witrox_18.txt,Control_32_17,28/6/18,0.1811,
32_4,,2,32_4_2,3N,11,32_C_new_witrox_18.txt,Control_32_17,28/6/18,0.2349,
32_1,,2,32_1_2,4N,12,32_C_new_witrox_18.txt,Control_32_17,28/6/18,0.1874,
29_2,,2,29_2_2,1N,1,29_C_new_witrox_16.txt,Control_29_16,28/6/18,0.1996,
29_2,,5,29_2_5,2N,2,29_C_new_witrox_16.txt,Control_29_16,28/6/18,0.1876,
29_1,,3,29_1_3,3N,3,29_C_new_witrox_16.txt,Control_29_16,28/6/18,0.2984,
29_1,,2,29_1_2,4N,4,29_C_new_witrox_16.txt,Control_29_16,28/6/18,0.207,
29_1,,5,29_1_5,1O,5,29_C_old_witrox_16.txt,Control_29_16,28/6/18,0.2404,
29_3,,1,29_3_1,2O,6,29_C_old_witrox_16.txt,Control_29_16,28/6/18,0.1866,
29_2,,3,29_2_3,3O,7,29_C_old_witrox_16.txt,Control_29_16,28/6/18,0.2127,
Control_29_16,,,Control_29_16,4O,8,29_C_old_witrox_16.txt,Control_29_16,28/6/18,,
29_1,,1,29_1_1,1N,9,29_C_new_witrox_17.txt,Control_29_16,28/6/18,0.3645,
29_1,,4,29_1_4,2N,10,29_C_new_witrox_17.txt,Control_29_16,28/6/18,0.209,
29_2,,4,29_2_4,3N,11,29_C_new_witrox_17.txt,Control_29_16,28/6/18,0.2018,
29_3,,2,29_3_2,4N,12,29_C_new_witrox_17.txt,Control_29_16,28/6/18,0.3248,
29_3,,4,29_3_4,1O,13,29_C_old_witrox_17.txt,Control_29_16,28/6/18,0.2756,
29_2,,1,29_2_1,2O,14,29_C_old_witrox_17.txt,Control_29_16,28/6/18,0.2304,
29_3,,3,29_3_3,3O,15,29_C_old_witrox_17.txt,Control_29_16,28/6/18,0.3124,
20_1,,4,20_1_4,1N,1,20_C_new_witrox_16.txt,Control_20_16,29/6/18,0.1908,
20_1,,3,20_1_3,2N,2,20_C_new_witrox_16.txt,Control_20_16,29/6/18,0.1813,
20_1,,2,20_1_2,3N,3,20_C_new_witrox_16.txt,Control_20_16,29/6/18,0.1297,
20_1,,5,20_1_5,4N,4,20_C_new_witrox_16.txt,Control_20_16,29/6/18,0.1722,
20_1,,1,20_1_1,1O,5,20_C_old_witrox_16.txt,Control_20_16,29/6/18,0.1292,
20_2,,1,20_2_1,2O,6,20_C_old_witrox_16.txt,Control_20_16,29/6/18,0.2342,
20_2,,2,20_2_2,3O,7,20_C_old_witrox_16.txt,Control_20_16,29/6/18,0.1016,
Control_20_16,,,Control_20_16,4O,8,20_C_old_witrox_16.txt,Control_20_16,29/6/18,,
29_3,,5,29_3_5,1N,9,29_C_new_witrox_18.txt,Control_29_18,29/6/18,0.2319,
29_4,,5,29_4_5,2N,10,29_C_new_witrox_18.txt,Control_29_18,29/6/18,0.3015,
29_4,,1,29_4_1,3N,11,29_C_new_witrox_18.txt,Control_29_18,29/6/18,0.2618,
29_4,,2,29_4_2,4N,12,29_C_new_witrox_18.txt,Control_29_18,29/6/18,0.3133,
29_4,,3,29_4_3,1O,13,29_C_old_witrox_18.txt,Control_29_18,29/6/18,0.2983,
29_4,,4,29_4_4,2O,14,29_C_old_witrox_18.txt,Control_29_18,29/6/18,0.1973,
Control_29_18,,,Control_29_18,3O,15,29_C_old_witrox_18.txt,Control_29_18,29/6/18,,
20_3,,5,20_3_5,1N,1,20_C_new_witrox_17.txt,Control_20_17,29/6/18,0.175,
20_3,,2,20_3_2,2N,2,20_C_new_witrox_17.txt,Control_20_17,29/6/18,0.1619,
20_2,,4,20_2_4,3N,3,20_C_new_witrox_17.txt,Control_20_17,29/6/18,0.0814,
20_3,,3,20_3_3,4N,4,20_C_new_witrox_17.txt,Control_20_17,29/6/18,0.1575,
20_4,,2,20_4_2,1O,5,20_C_old_witrox_17.txt,Control_20_17,29/6/18,0.2689,
20_4,,1,20_4_1,2O,6,20_C_old_witrox_17.txt,Control_20_17,29/6/18,0.1713,
20_3,,1,20_3_1,3O,7,20_C_old_witrox_17.txt,Control_20_17,29/6/18,0.2983,
Control_20_17,,,Control_20_17,4O,8,20_C_old_witrox_17.txt,Control_20_17,29/6/18,,
20_4,,4,20_4_4,1N,9,20_C_new_witrox_18.txt,Control_20_17,29/6/18,0.1951,
20_4,,5,20_4_5,2N,10,20_C_new_witrox_18.txt,Control_20_17,29/6/18,0.1973,
20_2,,5,20_2_5,3N,11,20_C_new_witrox_18.txt,Control_20_17,29/6/18,0.1804,
20_3,,4,20_3_4,4N,12,20_C_new_witrox_18.txt,Control_20_17,29/6/18,0.1737,
20_4,,3,20_4_3,1O,13,20_C_old_witrox_18.txt,Control_20_17,29/6/18,0.1638,
20_2,,3,20_2_3,2O,14,20_C_old_witrox_18.txt,Control_20_17,29/6/18,0.1375,
26_1,,2,26_1_2,1N,1,26_C_new_witrox_19.txt,Control_26_19,4/7/18,0.278,
26_3,,3,26_3_3,2N,2,26_C_new_witrox_19.txt,Control_26_19,4/7/18,0.296,
26_4,,1,26_4_1,3N,3,26_C_new_witrox_19.txt,Control_26_19,4/7/18,0.3943,
26_1,,3,26_1_3,4N,4,26_C_new_witrox_19.txt,Control_26_19,4/7/18,0.2982,
26_4,,2,26_4_2,1O,5,26_C_old_witrox_19.txt,Control_26_19,4/7/18,0.2667,
26_1,,1,26_1_1,2O,6,26_C_old_witrox_19.txt,Control_26_19,4/7/18,0.193,
26_3,,4,26_3_4,3O,7,26_C_old_witrox_19.txt,Control_26_19,4/7/18,0.2234,
Control_26_19,,,Control_26_19,4O,8,26_C_old_witrox_19.txt,Control_26_19,4/7/18,,
26_2,,1,26_2_1,1N,9,26_C_new_witrox_20.txt,Control_26_19,4/7/18,0.2342,
26_2,,4,26_2_4,2N,10,26_C_new_witrox_20.txt,Control_26_19,4/7/18,0.3039,
26_3,,1,26_3_1,3N,11,26_C_new_witrox_20.txt,Control_26_19,4/7/18,0.2983,
26_4,,3,26_4_3,4N,12,26_C_new_witrox_20.txt,Control_26_19,4/7/18,0.3799,
26_4,,5,26_4_5,1O,13,26_C_old_witrox_20.txt,Control_26_19,4/7/18,0.2772,
26_4,,4,26_4_4,2O,14,26_C_old_witrox_20.txt,Control_26_19,4/7/18,0.1976,
26_3,,5,26_3_5,3O,15,26_C_old_witrox_20.txt,Control_26_19,4/7/18,0.2735,
32_1,,1,32_1_1,1N,1,32_C_old_witrox_19.txt,Control_32_19,4/7/18,0.2119,
32_1,,3,32_1_3,2N,2,32_C_old_witrox_19.txt,Control_32_19,4/7/18,0.2283,
32_2,,3,32_2_3,3N,3,32_C_old_witrox_19.txt,Control_32_19,4/7/18,0.2077,
32_2,,4,32_2_4,4N,4,32_C_old_witrox_19.txt,Control_32_19,4/7/18,0.1986,
32_3,,1,32_3_1,1O,5,32_C_new_witrox_19.txt,Control_32_19,4/7/18,0.3262,
32_2,,1,32_2_1,2O,6,32_C_new_witrox_19.txt,Control_32_19,4/7/18,0.3228,Died on 06/07/2018
32_4,,4,32_4_4,3O,7,32_C_new_witrox_19.txt,Control_32_19,4/7/18,0.2929,
Control_32_19,,,Control_32_19,4O,8,32_C_new_witrox_19.txt,Control_32_19,4/7/18,,
26_2,,5,26_2_5,1N,9,26_C_new_witrox_21.txt,Control_26_21,4/7/18,0.3286,
26_1,,5,26_1_5,2N,10,26_C_new_witrox_21.txt,Control_26_21,4/7/18,0.3347,
26_2,,2,26_2_2,3N,11,26_C_new_witrox_21.txt,Control_26_21,4/7/18,0.2473,
26_1,,4,26_1_4,4N,12,26_C_new_witrox_21.txt,Control_26_21,4/7/18,0.3208,
26_3,,2,26_3_2,1O,13,26_C_old_witrox_21.txt,Control_26_21,4/7/18,0.3824,
26_2,,3,26_2_3,2O,14,26_C_old_witrox_21.txt,Control_26_21,4/7/18,0.2097,
Control_26_21,,,Control_26_21,3O,15,26_C_old_witrox_21.txt,Control_26_21,4/7/18,,
32_4,,2,32_4_2,1N,1,32_C_new_witrox_20.txt,Control_32_20,5/7/18,0.269,
32_1,,5,32_1_5,2N,2,32_C_new_witrox_20.txt,Control_32_20,5/7/18,0.2546,
32_4,,5,32_4_5,3N,3,32_C_new_witrox_20.txt,Control_32_20,5/7/18,0.2432,
32_3,,5,32_3_5,4N,4,32_C_new_witrox_20.txt,Control_32_20,5/7/18,0.2281,
32_1,,2,32_1_2,1O,5,32_C_old_witrox_20.txt,Control_32_20,5/7/18,0.2146,
32_2,,2,32_2_2,2O,6,32_C_old_witrox_20.txt,Control_32_20,5/7/18,0.3261,
32_4,,1,32_4_1,3O,7,32_C_old_witrox_20.txt,Control_32_20,5/7/18,0.2722,
Control_32_20,,,Control_32_20,4O,8,32_C_old_witrox_20.txt,Control_32_20,5/7/18,,
32_4,,3,32_4_3,1N,9,32_C_new_witrox_21.txt,Control_32_20,5/7/18,0.3074,
32_3,,3,32_3_3,2N,10,32_C_new_witrox_21.txt,Control_32_20,5/7/18,0.3466,
32_3,,4,32_3_4,3N,11,32_C_new_witrox_21.txt,Control_32_20,5/7/18,0.2116,
32_1,,4,32_1_4,4N,12,32_C_new_witrox_21.txt,Control_32_20,5/7/18,0.264,
29_3,,4,29_3_4,1N,1,29_C_new_witrox_19.txt,Control_29_19,5/7/18,0.3079,
29_1,,1,29_1_1,2N,2,29_C_new_witrox_19.txt,Control_29_19,5/7/18,0.4148,
29_2,,3,29_2_3,3N,3,29_C_new_witrox_19.txt,Control_29_19,5/7/18,0.2873,
29_1,,2,29_1_2,4N,4,29_C_new_witrox_19.txt,Control_29_19,5/7/18,0.2351,
29_1,,4,29_1_4,1O,5,29_C_old_witrox_19.txt,Control_29_19,5/7/18,0.2439,
29_2,,1,29_2_1,2O,6,29_C_old_witrox_19.txt,Control_29_19,5/7/18,0.2568,
29_1,,3,29_1_3,3O,7,29_C_old_witrox_19.txt,Control_29_19,5/7/18,0.3404,
Control_29_19,,,Control_29_19,4O,8,29_C_old_witrox_19.txt,Control_29_19,5/7/18,,
29_2,,4,29_2_4,1N,9,29_C_new_witrox_20.txt,Control_29_19,5/7/18,0.2312,
29_3,,3,29_3_3,2N,10,29_C_new_witrox_20.txt,Control_29_19,5/7/18,0.3556,
29_1,,5,29_1_5,3N,11,29_C_new_witrox_20.txt,Control_29_19,5/7/18,0.304,
29_3,,2,29_3_2,4N,12,29_C_new_witrox_20.txt,Control_29_19,5/7/18,0.3394,
29_3,,1,29_3_1,1O,13,29_C_old_witrox_20.txt,Control_29_19,5/7/18,0.2122,
29_2,,5,29_2_5,2O,14,29_C_old_witrox_20.txt,Control_29_19,5/7/18,0.2184,
29_2,,2,29_2_2,3O,15,29_C_old_witrox_20.txt,Control_29_19,5/7/18,0.2331,
20_1,,4,20_1_4,1N,1,20_C_new_witrox_19.txt,Control_20_19,6/7/18,0.2179,
20_1,,5,20_1_5,2N,2,20_C_new_witrox_19.txt,Control_20_19,6/7/18,0.1935,
20_1,,3,20_1_3,3N,3,20_C_new_witrox_19.txt,Control_20_19,6/7/18,0.1839,
20_2,,2,20_2_2,4N,4,20_C_new_witrox_19.txt,Control_20_19,6/7/18,0.1217,
20_2,,1,20_2_1,1O,5,20_C_old_witrox_19.txt,Control_20_19,6/7/18,0.2871,
20_1,,2,20_1_2,2O,6,20_C_old_witrox_19.txt,Control_20_19,6/7/18,0.1547,
20_1,,1,20_1_1,3O,7,20_C_old_witrox_19.txt,Control_20_19,6/7/18,0.1547,
Control_20_19,,,Control_20_19,4O,8,20_C_old_witrox_19.txt,Control_20_19,6/7/18,,
29_4,,3,29_4_3,1N,9,29_C_new_witrox_21.txt,Control_29_21,6/7/18,0.3562,
29_3,,5,29_3_5,2N,10,29_C_new_witrox_21.txt,Control_29_21,6/7/18,0.2608,
29_4,,5,29_4_5,3N,11,29_C_new_witrox_21.txt,Control_29_21,6/7/18,0.3793,
29_4,,2,29_4_2,4N,12,29_C_new_witrox_21.txt,Control_29_21,6/7/18,0.3589,
29_4,,1,29_4_1,1O,13,29_C_old_witrox_21.txt,Control_29_21,6/7/18,0.306,
29_4,,4,29_4_4,2O,14,29_C_old_witrox_21.txt,Control_29_21,6/7/18,0.2132,Died on 13/07/2018
Control_29_21,,,Control_29_21,3O,15,29_C_old_witrox_21.txt,Control_29_21,6/7/18,,
20_3,,4,20_3_4,1N,1,20_C_new_witrox_20.txt,Control_20_20,6/7/18,0.2119,
20_3,,1,20_3_1,2N,2,20_C_new_witrox_20.txt,Control_20_20,6/7/18,0.3675,
20_4,,5,20_4_5,3N,3,20_C_new_witrox_20.txt,Control_20_20,6/7/18,0.2265,
20_2,,5,20_2_5,4N,4,20_C_new_witrox_20.txt,Control_20_20,6/7/18,0.2077,
20_4,,2,20_4_2,1O,5,20_C_old_witrox_20.txt,Control_20_20,6/7/18,0.3136,
20_2,,3,20_2_3,2O,6,20_C_old_witrox_20.txt,Control_20_20,6/7/18,0.1622,
20_3,,2,20_3_2,3O,7,20_C_old_witrox_20.txt,Control_20_20,6/7/18,0.18,
Control_20_20,,,Control_20_20,4O,8,20_C_old_witrox_20.txt,Control_20_20,6/7/18,,
20_2,,4,20_2_4,1N,9,20_C_new_witrox_21.txt,Control_20_20,6/7/18,0.1002,
20_4,,4,20_4_4,2N,10,20_C_new_witrox_21.txt,Control_20_20,6/7/18,0.2332,
20_4,,1,20_4_1,3N,11,20_C_new_witrox_21.txt,Control_20_20,6/7/18,0.1958,
20_3,,5,20_3_5,4N,12,20_C_new_witrox_21.txt,Control_20_20,6/7/18,0.2047,
20_4,,3,20_4_3,1O,13,20_C_old_witrox_21.txt,Control_20_20,6/7/18,0.1835,
20_3,,3,20_3_3,2O,14,20_C_old_witrox_21.txt,Control_20_20,6/7/18,0.1821,
26_1,,1,26_1_1,1N,1,26_C_new_witrox_22.txt,Control_26_22,11/7/18,0.21,
26_2,,4,26_2_4,2N,2,26_C_new_witrox_22.txt,Control_26_22,11/7/18,0.3595,
26_2,,1,26_2_1,3N,3,26_C_new_witrox_22.txt,Control_26_22,11/7/18,0.2588,
26_3,,5,26_3_5,4N,4,26_C_new_witrox_22.txt,Control_26_22,11/7/18,0.3005,
26_4,,2,26_4_2,1O,5,26_C_old_witrox_22.txt,Control_26_22,11/7/18,0.2991,
26_4,,4,26_4_4,2O,6,26_C_old_witrox_22.txt,Control_26_22,11/7/18,0.223,
26_4,,1,26_4_1,3O,7,26_C_old_witrox_22.txt,Control_26_22,11/7/18,0.4402,
Control_26_22,,,Control_26_22,4O,8,26_C_old_witrox_22.txt,Control_26_22,11/7/18,,
26_3,,4,26_3_4,1N,9,26_C_new_witrox_23.txt,Control_26_22,11/7/18,0.2458,
26_1,,3,26_1_3,2N,10,26_C_new_witrox_23.txt,Control_26_22,11/7/18,0.3679,
26_3,,1,26_3_1,3N,11,26_C_new_witrox_23.txt,Control_26_22,11/7/18,0.3245,
26_3,,3,26_3_3,4N,12,26_C_new_witrox_23.txt,Control_26_22,11/7/18,0.329,
26_4,,3,26_4_3,1O,13,26_C_old_witrox_23.txt,Control_26_22,11/7/18,0.3934,
26_1,,2,26_1_2,2O,14,26_C_old_witrox_23.txt,Control_26_22,11/7/18,0.3156,
26_4,,5,26_4_5,3O,15,26_C_old_witrox_23.txt,Control_26_22,11/7/18,0.3231,
32_2,,4,32_2_4,1N,1,32_C_new_witrox_22.txt,Control_32_22,11/7/18,0.2325,
32_3,,1,32_3_1,2N,2,32_C_new_witrox_22.txt,Control_32_22,11/7/18,0.3509,
32_1,,1,32_1_1,3N,3,32_C_new_witrox_22.txt,Control_32_22,11/7/18,0.23,
32_1,,3,32_1_3,4N,4,32_C_new_witrox_22.txt,Control_32_22,11/7/18,0.2493,
32_4,,4,32_4_4,1O,5,32_C_old_witrox_22.txt,Control_32_22,11/7/18,0.3009,
32_2,,3,32_2_3,2O,6,32_C_old_witrox_22.txt,Control_32_22,11/7/18,0.2343,
Control_32_22,,,Control_32_22,4O,8,32_C_old_witrox_22.txt,Control_32_22,11/7/18,,
26_1,,4,26_1_4,1N,9,26_C_new_witrox_24.txt,Control_26_24,11/7/18,0.3318,
26_2,,2,26_2_2,2N,10,26_C_new_witrox_24.txt,Control_26_24,11/7/18,0.2747,
26_1,,5,26_1_5,3N,11,26_C_new_witrox_24.txt,Control_26_24,11/7/18,0.3711,
26_2,,5,26_2_5,4N,12,26_C_new_witrox_24.txt,Control_26_24,11/7/18,0.3801,
26_2,,3,26_2_3,1O,13,26_C_old_witrox_24.txt,Control_26_24,11/7/18,0.2321,
26_3,,2,26_3_2,2O,14,26_C_old_witrox_24.txt,Control_26_24,11/7/18,0.4238,
Control_26_24,,,Control_26_24,3O,15,26_C_old_witrox_24.txt,Control_26_24,11/7/18,,
32_1,,5,32_1_5,1N,1,32_C_new_witrox_23.txt,Control_32_23,12/7/18,0.2779,
32_1,,4,32_1_4,2N,2,32_C_new_witrox_23.txt,Control_32_23,12/7/18,0.3029,
32_4,,5,32_4_5,3N,3,32_C_new_witrox_23.txt,Control_32_23,12/7/18,0.27,
32_4,,2,32_4_2,4N,4,32_C_new_witrox_23.txt,Control_32_23,12/7/18,0.2961,
32_3,,4,32_3_4,1O,5,32_C_old_witrox_23.txt,Control_32_23,12/7/18,0.2367,
32_3,,5,32_3_5,2O,6,32_C_old_witrox_23.txt,Control_32_23,12/7/18,0.246,
32_4,,3,32_4_3,3O,7,32_C_old_witrox_23.txt,Control_32_23,12/7/18,0.3493,
Control_32_23,,,Control_32_23,4O,8,32_C_old_witrox_23.txt,Control_32_23,12/7/18,,
32_4,,1,32_4_1,1N,9,32_C_new_witrox_24.txt,Control_32_23,12/7/18,0.2927,
32_3,,3,32_3_3,2N,10,32_C_new_witrox_24.txt,Control_32_23,12/7/18,0.451,
32_2,,2,32_2_2,3N,11,32_C_new_witrox_24.txt,Control_32_23,12/7/18,0.3904,
32_1,,2,32_1_2,4N,12,32_C_new_witrox_24.txt,Control_32_23,12/7/18,0.238,
29_3,,2,29_3_2,1N,1,29_C_new_witrox_22.txt,Control_29_22,12/7/18,0.3724,
29_1,,3,29_1_3,2N,2,29_C_new_witrox_22.txt,Control_29_22,12/7/18,0.4219,
29_3,,1,29_3_1,3N,3,29_C_new_witrox_22.txt,Control_29_22,12/7/18,0.2368,
29_1,,5,29_1_5,4N,4,29_C_new_witrox_22.txt,Control_29_22,12/7/18,0.3294,
29_3,,4,29_3_4,1O,5,29_C_old_witrox_22.txt,Control_29_22,12/7/18,0.3516,
29_1,,2,29_1_2,2O,6,29_C_old_witrox_22.txt,Control_29_22,12/7/18,0.2612,
29_2,,2,29_2_2,3O,7,29_C_old_witrox_22.txt,Control_29_22,12/7/18,0.247,
Control_29_22,,,Control_29_22,4O,8,29_C_old_witrox_22.txt,Control_29_22,12/7/18,,
29_2,,3,29_2_3,1N,9,29_C_new_witrox_23.txt,Control_29_22,12/7/18,0.3332,
29_3,,3,29_3_3,2N,10,29_C_new_witrox_23.txt,Control_29_22,12/7/18,0.3999,
29_2,,4,29_2_4,3N,11,29_C_new_witrox_23.txt,Control_29_22,12/7/18,0.2649,
29_2,,1,29_2_1,4N,12,29_C_new_witrox_23.txt,Control_29_22,12/7/18,0.2881,
29_1,,4,29_1_4,1O,13,29_C_old_witrox_23.txt,Control_29_22,12/7/18,0.277,
29_1,,1,29_1_1,2O,14,29_C_old_witrox_23.txt,Control_29_22,12/7/18,0.4632,
29_2,,5,29_2_5,3O,15,29_C_old_witrox_23.txt,Control_29_22,12/7/18,0.242,
20_1,,1,20_1_1,1N,1,20_C_new_witrox_22.txt,Control_20_22,13/7/18,0.1773,
20_2,,1,20_2_1,2N,2,20_C_new_witrox_22.txt,Control_20_22,13/7/18,0.3352,
20_1,,5,20_1_5,3N,3,20_C_new_witrox_22.txt,Control_20_22,13/7/18,0.2079,
20_1,,2,20_1_2,4N,4,20_C_new_witrox_22.txt,Control_20_22,13/7/18,0.1765,
20_2,,2,20_2_2,1O,5,20_C_old_witrox_22.txt,Control_20_22,13/7/18,0.1383,
20_1,,4,20_1_4,2O,6,20_C_old_witrox_22.txt,Control_20_22,13/7/18,0.2384,
20_1,,3,20_1_3,3O,7,20_C_old_witrox_22.txt,Control_20_22,13/7/18,0.2071,
Control_20_22,,,Control_20_22,4O,8,20_C_old_witrox_22.txt,Control_20_22,13/7/18,,
29_4,,5,29_4_5,2N,10,29_C_new_witrox_24.txt,Control_29_24,13/7/18,0.3662,
29_3,,5,29_3_5,3N,11,29_C_new_witrox_24.txt,Control_29_24,13/7/18,0.2749,
29_4,,1,29_4_1,4N,12,29_C_new_witrox_24.txt,Control_29_24,13/7/18,0.3268,
29_4,,3,29_4_3,1O,13,29_C_old_witrox_24.txt,Control_29_24,13/7/18,0.36,
29_4,,2,29_4_2,2O,14,29_C_old_witrox_24.txt,Control_29_24,13/7/18,0.38,
Control_29_24,,,Control_29_24,3O,15,29_C_old_witrox_24.txt,Control_29_24,13/7/18,,
20_4,,4,20_4_4,1N,1,20_C_new_witrox_23.txt,Control_20_23,13/7/18,0.2754,
20_2,,3,20_2_3,2N,2,20_C_new_witrox_23.txt,Control_20_23,13/7/18,0.178,
20_2,,4,20_2_4,3N,3,20_C_new_witrox_23.txt,Control_20_23,13/7/18,0.114,
20_3,,4,20_3_4,4N,4,20_C_new_witrox_23.txt,Control_20_23,13/7/18,0.2364,
20_4,,1,20_4_1,1O,5,20_C_old_witrox_23.txt,Control_20_23,13/7/18,0.2133,
20_3,,2,20_3_2,2O,6,20_C_old_witrox_23.txt,Control_20_23,13/7/18,0.1936,
20_3,,1,20_3_1,3O,7,20_C_old_witrox_23.txt,Control_20_23,13/7/18,0.4255,
Control_20_23,,,Control_20_23,4O,8,20_C_old_witrox_23.txt,Control_20_23,13/7/18,,
20_3,,5,20_3_5,1N,9,20_C_new_witrox_24.txt,Control_20_23,13/7/18,0.2262,
20_2,,5,20_2_5,2N,10,20_C_new_witrox_24.txt,Control_20_23,13/7/18,0.2267,
20_4,,3,20_4_3,3N,11,20_C_new_witrox_24.txt,Control_20_23,13/7/18,0.2006,
20_4,,2,20_4_2,4N,12,20_C_new_witrox_24.txt,Control_20_23,13/7/18,0.3657,
20_4,,5,20_4_5,1O,13,20_C_old_witrox_24.txt,Control_20_23,13/7/18,0.2443,
20_3,,3,20_3_3,2O,14,20_C_old_witrox_24.txt,Control_20_23,13/7/18,0.1985,
29_4,,1,29_4_1,,,,,16/7/18,0.332,female + developed w/ eggs
29_4,,2,29_4_2,,,,,16/7/18,0.4457,female + developed w/ eggs
29_4,,3,29_4_3,,,,,16/7/18,0.3675,female + developed w/ eggs
29_4,,5,29_4_5,,,,,16/7/18,0.3792,female + developed w/ eggs
32_1,,1,32_1_1,,,,,17/7/18,0.2368,probably male
32_1,,2,32_1_2,,,,,17/7/18,0.2465,probably male
32_1,,3,32_1_3,,,,,17/7/18,0.2632,probably male
32_1,,4,32_1_4,,,,,17/7/18,0.3726,female + developed w/ eggs
32_1,,5,32_1_5,,,,,17/7/18,0.308,female + developed w/ eggs
32_4,,1,32_4_1,,,,,17/7/18,0.3015,probably male
32_4,,2,32_4_2,,,,,17/7/18,0.3256,female + developed w/ eggs
32_4,,3,32_4_3,,,,,17/7/18,0.3305,female + developed w/ eggs
32_4,,4,32_4_4,,,,,17/7/18,0.3576,female + developed w/ eggs
32_4,,5,32_4_5,,,,,17/7/18,0.2832,probably male
20_1,,1,20_1_1,,,,,18/7/18,0.1815,probably male
20_1,,2,20_1_2,,,,,18/7/18,0.1155,probably male
20_1,,3,20_1_3,,,,,18/7/18,0.2176,probably male
20_1,,4,20_1_4,,,,,18/7/18,0.2268,probably male
20_1,,5,20_1_5,,,,,18/7/18,0.2166,probably male
20_4,,1,20_4_1,,,,,18/7/18,0.2273,probably male
20_4,,2,20_4_2,,,,,18/7/18,0.3933,female + developed w/ eggs
20_4,,3,20_4_3,,,,,18/7/18,0.2089,probably male
20_4,,4,20_4_4,,,,,18/7/18,0.3255,female + developed w/ eggs
20_4,,5,20_4_5,,,,,18/7/18,0.2468,probably male
26_1,,1,26_1_1,,,,,19/7/18,0.2398,probably male
26_1,,2,26_1_2,,,,,19/7/18,0.3525,probably male
26_1,,3,26_1_3,,,,,19/7/18,0.445,female + developed w/ eggs
26_1,,4,26_1_4,,,,,19/7/18,0.4178,female + developed w/ eggs
26_1,,5,26_1_5,,,,,19/7/18,0.3834,female + developed w/ eggs
26_4,,1,26_4_1,,,,,19/7/18,0.5017,female + developed w/ eggs
26_4,,2,26_4_2,,,,,19/7/18,0.3408,probably male
26_4,,3,26_4_3,,,,,19/7/18,0.5033,female + developed w/ eggs
26_4,,4,26_4_4,,,,,19/7/18,0.239,male + developed w/ testes
26_4,,5,26_4_5,,,,,19/7/18,0.3963,female + developed w/ eggs
29_1,,1,29_1_1,,,,,20/7/18,0.5166,female + developed w/ eggs
29_1,,2,29_1_2,,,,,20/7/18,0.2979,male + developed wo/ testes
29_1,,3,29_1_3,,,,,20/7/18,0.5252,female + developed w/ eggs
29_1,,4,29_1_4,,,,,20/7/18,0.3217,male + developed w/ testes
29_1,,5,29_1_5,,,,,20/7/18,0.4016,female + developed w/ eggs
32_2,,2,32_2_2,,,,,23/7/18,0.4347,female + developed w/ eggs
32_2,,3,32_2_3,,,,,23/7/18,0.2637,male + developed wo/ testes
32_2,,4,32_2_4,,,,,23/7/18,0.2492,male + developed wo/ testes
32_3,,1,32_3_1,,,,,23/7/18,0.5215,female + developed w/ eggs
32_3,,3,32_3_3,,,,,23/7/18,0.4186,female + developed w/ eggs
32_3,,4,32_3_4,,,,,23/7/18,0.2486,male + developed wo/ testes
32_3,,5,32_3_5,,,,,23/7/18,0.2646,male + developed wo/ testes
26_2,,1,26_2_1,,,,,24/7/18,0.2822,male + developed wo/ testes
26_2,,2,26_2_2,,,,,24/7/18,0.3158,male + developed wo/ testes
26_2,,3,26_2_3,,,,,24/7/18,0.2731,male + developed wo/ testes
26_2,,4,26_2_4,,,,,24/7/18,0.4449,female + developed w/ eggs
26_2,,5,26_2_5,,,,,24/7/18,0.5036,female + developed w/ eggs
20_2,,1,20_2_1,,,,,25/7/18,0.428,female + developed w/ eggs
20_2,,2,20_2_2,,,,,25/7/18,0.1688,probably male
20_2,,3,20_2_3,,,,,25/7/18,0.2084,probably male
20_2,,4,20_2_4,,,,,25/7/18,0.1469,probably male
20_2,,5,20_2_5,,,,,25/7/18,0.3048,female + developed w/ eggs
20_3,,1,20_3_1,,,,,25/7/18,0.4945,female + developed w/ eggs
20_3,,2,20_3_2,,,,,25/7/18,0.2094,probably male
20_3,,3,20_3_3,,,,,25/7/18,0.2464,probably male
20_3,,4,20_3_4,,,,,25/7/18,0.2779,probably male
20_3,,5,20_3_5,,,,,25/7/18,0.274,probably male
29_2,,1,29_2_1,,,,,26/7/18,0.3435,male + developed wo/ testes
29_2,,2,29_2_2,,,,,26/7/18,0.2975,male + developed wo/ testes
29_2,,3,29_2_3,,,,,26/7/18,0.3979,female + developed w/ eggs
29_2,,4,29_2_4,,,,,26/7/18,0.3107,male + developed wo/ testes
29_2,,5,29_2_5,,,,,26/7/18,0.3292,male + developed wo/ testes
29_3,,1,29_3_1,,,,,26/7/18,0.2854,male + developed wo/ testes
29_3,,2,29_3_2,,,,,26/7/18,0.3944,female + developed w/ eggs
29_3,,3,29_3_3,,,,,26/7/18,0.5141,female + developed w/ eggs
29_3,,4,29_3_4,,,,,26/7/18,0.4386,female + developed w/ eggs
29_3,,5,29_3_5,,,,,26/7/18,0.3336,male + developed wo/ testes
26_3,,1,26_3_1,,,,,27/7/18,0.3874,male + developed wo/ testes
26_3,,2,26_3_2,,,,,27/7/18,0.5755,female + developed w/ eggs
26_3,,3,26_3_3,,,,,27/7/18,0.4212,male + developed wo/ testes
26_3,,4,26_3_4,,,,,27/7/18,0.294,male + developed wo/ testes
26_3,,5,26_3_5,,,,,27/7/18,0.3288,probably male
